rate,destination
0.586865,AZN
1.041829,EUR
0.128461,HKD
0.000712,KRW
0.65,AUD
0.048951,MXN
0.263785,PEN
0.009587,RUB
0.172383,BRL
0.006461,JPY
0.002003,KZT
0.000589,NGN
0.016967,PHP
0.055079,ZAR
0.223812,MYR
0.093922,TJS
0.007724,KES
0.029002,THB
0.028941,TRY
0.000078,UZS
1,USD
0.068,GHS